295,54,42.51,19.34,1,40-50
302,55,42.06,20.21,1,40-50
270.5,55,39.74,19.22,1,30-40
281,55.5,39.84,19.74,1,30-40
314.5,63,47.18,25.91,0,50+
306.5,60,46.6,25.48,0,50+
322,57,44.11,22.99,0,30-40
304.5,63.5,44.87,25.54,0,30-40
307,62,44.34,26.04,0,30-40
287,57,40.02,18.32,1,40-50
292.5,58,40.42,18.39,1,40-50
281,57,42.97,20.35,0,40-50
278,61.5,41.1,22.34,0,40-50
269,52,39.42,17.93,1,30-40
272,54,40.04,18.55,1,30-40
305,58.5,44.18,23.77,0,30-40
298,57,44,22.58,0,30-40
292.5,52,38.46,16.66,1,40-50
290.5,52,38.16,15.89,1,40-50
280,52,40.18,19.58,1,30-40
284.5,54,40.4,19.34,1,30-40
326,60,43.72,19.31,0,40-50
291,62,45.48,23.07,0,20-30
352.5,65.5,46.1,21.78,0,20-30
361,66,46.32,21.08,0,20-30
284.5,53,42.84,17.92,1,40-50
287,54.5,41.79,17.84,1,40-50
271.5,51,38.24,19.04,1,40-50
275,59,43.49,21.36,0,40-50
294.5,58,44.65,19.53,0,<20
298,59,45.47,20.06,0,<20
286,55,41.61,21.53,1,40-50
292.5,54,38.21,17.73,0,40-50
298,56,40.79,19.88,0,40-50
281,54,37.58,16.5,1,40-50
280.5,56,38.06,16.42,1,40-50
290,51,38.11,19.59,1,30-40
297,49,38.54,20.12,1,30-40
287,57,45.04,20,0,40-50
292,57,45.09,20.19,0,40-50
274,52.5,38.28,18.17,0,40-50
274,54,43.08,20.5,0,40-50
282,57,42.78,21.45,0,40-50
298,60.5,43.66,24.85,0,30-40
293,62,43.17,25.29,0,30-40
268.5,53,41.16,22.72,1,40-50
281.5,54,41.65,22.42,1,40-50
271.5,56,41.34,21.72,0,20-30
282.5,58,42.37,21.73,0,20-30
316,65.5,47.36,23.27,0,30-40
325,63.5,48.82,23.65,0,30-40
266,47.5,37.74,18.64,1,<20
274,48.5,36.57,18.01,1,<20
275,49,40.3,15.61,1,<20
282.5,48,40.19,16.48,1,<20
292,59.5,42.92,22.08,0,30-40
299.5,56,41.85,23.15,0,30-40
306,56,42.79,20.39,0,30-40
309.5,53,41.9,18.98,0,30-40
302,53.5,44.55,22.33,0,40-50
297,55.5,39.48,19.31,0,40-50
304.5,52,44.62,20.41,0,30-40
309,52.5,42.84,20.81,0,30-40
310,58,46.33,24.82,0,30-40
275.5,49,36.14,21.04,1,40-50
282,49,36.99,20.73,1,40-50
316,58.5,43.59,22.72,0,30-40
278,54,39.2,20.42,1,20-30
284,55,39.98,20.2,1,20-30
278,54,39.96,17.86,1,30-40
275.5,50,37.18,17.85,1,<20
282,50,38.22,18.87,1,<20
288,57,41.85,18.23,1,40-50
295.5,58,41.17,19.26,1,40-50
283,54.5,37.09,16.73,1,30-40
292.5,55.5,39.24,17.4,1,30-40
266.5,45,33.43,14.96,1,40-50
273,44,34.2,15.23,1,40-50
288.5,54,42.73,19.16,0,40-50
297.5,56.5,44.06,19.41,0,40-50
296,63,45.95,23.89,0,40-50
300.5,62,45.48,24.6,0,40-50
318,59,46.5,22.05,0,30-40
327,60,48.91,22.16,0,30-40
284,57,41.21,22.1,0,20-30
292,58.5,42.69,23.72,0,20-30
285,54,40.04,19.09,1,30-40
292,53,40.05,19.79,1,30-40
289,54,40.25,19.03,1,40-50
293.5,54,40.99,19.67,1,40-50
303,58,42.75,21.51,0,20-30
308,58,43.81,21.48,0,20-30
264.5,51,38.01,17.82,1,30-40
264,53,37.32,17.9,1,30-40
340,63,52,24.71,0,30-40
344,63,50.35,24.72,0,30-40
274.5,54,41.86,18.93,1,40-50
280.5,52,40.74,19.11,1,40-50
297,54,40.73,17.37,1,<20
306,54,41.15,17.71,1,<20
282,55,39.88,19.49,1,30-40
287,54,40.89,20.08,1,30-40
278,51,39.1,18.16,1,40-50
284,54,39.97,19.4,1,40-50
285,55,42.27,19.6,1,40-50
287.5,55.5,43.19,19.42,1,40-50
277,52,41.22,16.43,1,<20
283,52,40.86,16.88,1,<20
276,53,40.58,18.66,1,<20
279,55,40.46,18.58,1,<20
272.5,50,35.97,16.79,1,30-40
283,49,36.65,16.53,1,30-40
273,53.5,39.81,20.03,1,30-40
281,55,40.34,20.04,1,30-40
274.5,51,39.48,20.41,1,40-50
284,53,41.9,21.04,1,40-50
279,56,40.08,17.5,1,30-40
284,54,40.41,17.3,1,30-40
283,52,40.39,21.15,1,40-50
290,52,40.18,21.63,1,40-50
293,54,40.72,20.34,1,30-40
299,53,41.33,19.82,1,30-40
297,61.5,45.39,22.46,0,40-50
302,61,45.06,21.69,0,40-50
273.5,52,37.66,17.58,1,30-40
279,52,38.63,16.62,0,20-30
277,51,36.51,17.01,1,20-30
278,50,36.46,18.64,1,20-30
276,52.5,40.42,16.8,0,30-40
275.5,50,36.88,18.08,1,20-30
303.5,60,45.94,19.62,0,20-30
306.5,60.5,46.28,21.15,0,20-30
292.5,59,43.17,19.34,0,30-40
296.5,60,43.71,18.43,0,30-40
306,63,45.63,20.79,0,30-40
302,56,40.23,18.78,0,30-40
317,61.5,46.12,20.85,0,40-50
277.5,52,37.83,18.73,1,40-50
282,54.5,37.98,19.01,1,40-50
272,55,38.01,20.95,1,40-50
278.5,54,38.38,20.43,1,40-50
306,57,42.68,19.42,0,30-40
337,58.5,47.06,19.96,0,30-40
336.5,60.5,46.26,20.97,0,30-40
274,49,35.69,19.27,1,40-50
303,58,43.49,17.93,0,<20
304.5,60,44.66,19.98,0,<20
295,57.5,40.91,20.58,0,30-40
290.5,58,41.97,22.26,0,30-40
328,63,44.8,21.73,0,30-40
330.5,63,45.88,21.96,0,30-40
304,60.5,44.45,21.35,0,40-50
303,62,44.09,22.5,0,40-50
301,54,39.59,20.11,0,40-50
301,55,41.01,20.22,0,40-50
274,46.5,36.45,20.16,1,30-40
271,46.5,37.15,16.76,1,30-40
284,53,40.39,18.36,0,40-50
286.5,52.5,40.45,19.24,0,40-50
268,50,35.25,18.05,1,40-50
278.5,51,34.63,17.5,1,40-50
304,62,49.89,25.2,0,20-30
324,53.5,42.39,18.9,0,30-40
328,59,43.83,19.11,0,30-40
308,49.5,36.83,18,1,30-40
308,52,36.36,18.04,1,30-40
318,56.5,40.33,21.18,0,40-50
294,57.5,42,19.31,0,30-40
294,58,43.5,20.15,0,30-40
298,56,41.04,19.1,1,40-50
298.5,58,41.55,19.59,1,40-50
285,51,40.42,20.02,0,40-50
288.5,52,40.79,21.15,0,40-50
288.5,50,36.49,19.05,1,30-40
312.5,66,43.58,18.51,0,<20
314.5,67.5,45.15,18.98,0,<20
326,69.5,45.36,19.35,0,30-40
290,54,38.63,16.21,1,30-40
274,50,37.29,14.1,1,30-40
329,58.5,45.3,18.47,0,40-50
251,53,35.14,14.96,1,40-50
261,55,36.52,15.7,1,40-50
275,51.5,35.15,13.76,1,30-40
279.5,53,35.87,14.2,1,30-40
288,52,37.68,14.48,1,30-40
296,53.5,40.46,15.15,1,30-40
308.5,63,46.36,20.27,0,40-50
310.5,64.5,45.35,20.16,0,40-50
297,58.5,38.78,19.32,0,20-30
301.5,60,39.16,20.2,0,20-30
298,54,40.56,16.03,0,40-50
303,55.5,41.94,16.42,0,40-50
293,58,42.92,19.82,0,40-50
297,58.5,42.39,19.13,0,40-50
271,49,37.14,13.97,1,20-30
279,50,36.64,14.49,1,20-30
293,64,42.53,19.81,0,30-40
310,64,42.65,19.86,0,30-40
303.5,60,45.09,18.28,0,20-30
307.5,60,44.89,17.58,0,20-30
279,59,40.23,16.69,0,40-50
280.5,60.5,40.34,17.11,0,40-50
290,48,36.8,14.78,1,40-50
292.5,55,40.73,16.46,1,30-40
304,57,41.83,15.77,1,30-40
262.5,49,34.08,13.65,1,40-50
268,52,34.14,13.87,1,40-50
242,49,35.85,13.63,1,20-30
247,49.5,34.87,13.01,1,20-30
267,56,39.55,18.27,0,40-50
275,58,40.23,17.97,0,40-50
264,48,37.1,16.51,1,30-40
268,50.5,35.8,15.65,1,30-40
273,51,37,17.07,1,30-40
279,52,37.67,16.4,1,30-40
313,54,39.25,16.33,1,40-50
318,55,39.42,16.55,1,40-50
304,61,42.72,20.8,0,30-40
300,63,42.72,20.91,0,30-40
301,60,42.89,18.63,0,30-40
310,61,41.76,18.6,0,30-40
302,67,46.36,20.36,0,20-30
308,66.5,47.24,20.97,0,20-30
289.5,57.5,40.14,19.8,0,40-50
295,59.5,41.72,20.56,0,40-50
295,53,38.85,15.65,1,30-40
295,55,38.52,15.59,1,30-40
315,52,39.82,14.77,1,40-50
320,70.5,54.71,26.61,0,30-40
323.5,73,55.18,27.48,0,30-40
261,52.5,38.08,20.47,1,20-30
264,53,37.65,19.34,1,20-30
289,54,40.11,20.81,0,30-40
288,52,37.35,17.07,0,20-30
276.5,51.5,36.05,17.41,1,30-40
279,52,35.89,17.39,1,30-40
285.5,53,36.8,19.01,0,30-40
323,60,43.97,19.99,0,30-40
317.5,63,43.48,20.96,0,30-40
298,53,43.67,22.48,0,40-50
290.5,52.5,36.52,18.2,1,<20
292.5,54.5,35.83,18.1,1,<20
287.5,52,40.43,19.56,0,30-40
293,53,40.51,18.58,0,30-40
278,51,37.31,17.72,1,40-50
318,58,42.4,20.43,0,30-40
314,58,43.19,22.04,0,30-40
292,49,34.45,18.22,1,40-50
295.5,48.5,35.79,19,1,40-50
326.5,60,46.8,21.43,0,40-50
331,60.5,47.37,21.18,0,40-50
288.5,49,36.35,17.93,0,30-40
290.5,51,35.91,17.91,0,30-40
303,61.5,40.48,19.51,0,40-50
309.5,61.5,41.92,20.49,0,40-50
280,49,36.01,15.78,1,20-30
310.5,57,43.32,18.77,0,30-40
318,63.5,46.3,21.57,0,20-30
320,63,46.98,24.39,0,20-30
315,62.5,45.09,20.03,0,40-50
317,62,45.87,22.47,0,40-50
304,56.5,41.03,19.34,0,30-40
303,58,44.73,22.31,0,30-40
337,59,47.91,21.36,0,20-30
307,55,43.59,20.6,0,20-30
283,55.5,40.04,21.12,1,40-50
291.5,55,38.3,20.2,1,40-50
327,63,45.79,19.76,0,20-30
298,50,42.27,18.87,0,<20
309,58.5,45.24,20.74,0,30-40
310.5,59.5,45.7,22.22,0,30-40
322,59,42.08,20.79,0,40-50
309,56,41.23,20.31,0,40-50
305.5,57.5,42.04,21.2,0,40-50
301,55.5,40.99,20.26,0,40-50
308,56,40.89,22.02,0,40-50
306,58,44.88,18.95,0,40-50
307.5,58,44.56,20.15,0,40-50
288,56,39.9,17.02,0,20-30
289,56,40.46,18.09,0,20-30
315,57,40.49,19.32,0,40-50
316,59,40.92,20.53,0,40-50
315,66.5,42.81,18.75,0,40-50
315,66,45.12,20.57,0,40-50
305.5,53.5,40.6,18.91,0,30-40
297.5,57,41.81,15.82,0,<20
298,58,43.18,18.02,0,<20
285.5,48,35.72,17.79,1,30-40
290,50,35.12,17.36,1,30-40
268.5,50.5,34.85,18.61,1,20-30
277,52.5,36.88,18.61,1,20-30
325,57.5,47.77,21.89,0,20-30
324,55.5,46.75,20.7,0,20-30
274,49,35.44,15.44,1,30-40
273.5,50.5,34.67,15.43,1,30-40
289.5,55.5,39.48,17.43,1,40-50
285.5,55.5,36.79,18.03,1,40-50
296,55,37.22,18.42,1,40-50
283,51,37.14,16.33,1,20-30
288,53,39.25,15.74,1,30-40
293,53,38.75,16.21,1,30-40
332,59.5,45.02,21.88,0,30-40
334,60,46.19,22.69,0,30-40
310,50,37.73,18.11,1,30-40
315,52.5,39.49,17.24,1,30-40
309,52,38.33,19.23,1,20-30
294.5,54,42.87,17.11,1,20-30
304,56.5,42.81,17.76,1,20-30
274,50,37.18,17.89,1,20-30
278,50.5,38.73,19.27,1,20-30
335,66,45.46,23.68,0,20-30
336,67.5,45.66,21.98,0,20-30
300.5,65,44.49,20.96,0,20-30
305,66.5,45.28,20.71,0,20-30
316.5,62,46.14,20.6,0,30-40
321.5,61,45.25,19.59,0,30-40
321.5,63,47.17,19.69,0,20-30
324.5,63,45.78,19.96,0,20-30
332,59.5,49.93,20.95,0,30-40
331.5,61,49.95,21.46,0,30-40
333.5,62,47.23,21.19,0,50+
344,63,47.5,22.36,0,50+
276,58,40.43,16.46,1,50+
280,59,39.91,17.13,1,50+
320.5,56,46.62,21.08,0,20-30
321,57,45.95,19.61,0,20-30
308,65,45.92,19.11,0,30-40
310.5,65,46.11,19.2,0,30-40
299,59,42.32,18.53,0,20-30
308,61,43.98,19.35,0,20-30
343.5,69,53.29,21.06,0,40-50
348.5,72,52.53,21.23,0,40-50
322,61,45.56,19.75,0,30-40
328,63,46.84,18.45,0,30-40
331.5,64,46.96,21.96,0,40-50
337,64,46.71,20.38,0,40-50
310.5,63,51.54,23.58,0,40-50
316,64,52.78,22.36,0,40-50
352,64,49.01,26.05,0,20-30
359.5,64,49.98,25.98,0,20-30
340,62.5,46.56,22.47,0,50+
344,63,47.22,22.1,0,50+
332,64,48.87,19.45,0,40-50
319.5,63,44.98,21.39,0,30-40
323,64,44.91,22.24,0,30-40
326,60,47.35,20.08,0,30-40
326,61,47.05,21.18,0,30-40
300,53,41.56,18.43,1,20-30
303,54,40.7,18.4,1,20-30
323,68,47.09,21.73,0,30-40
290.5,61,42.33,18.74,0,40-50
293,61.5,42.41,19.12,0,40-50
321.5,63,45.33,22.17,0,40-50
330.5,65,46.35,21.81,0,40-50
303,62.5,44.19,22.61,0,40-50
305.5,63,44.36,22.06,0,40-50
335,67,48.41,21.13,0,30-40
346,66.5,49,21.82,0,30-40
303,54,40.09,18.67,1,40-50
303,55,39.76,16.65,1,40-50
296,56,41.51,19.47,1,20-30
299,55,41.14,19.54,1,20-30
306.5,56.5,41.17,19.44,1,20-30
314.5,58,41.37,19.89,1,20-30
334.5,63.5,50.96,20.68,0,30-40
333,65,49.76,19.57,0,30-40
333,70,47.12,21.77,0,40-50
334,71,47.93,21.95,0,40-50
308,60,45.12,21.83,0,50+
312,60,44.7,21.81,0,50+
362,66,53.33,23.5,0,40-50
365,68,54.15,23.93,0,40-50
318,68,51.36,21.6,0,40-50
322,68,50.47,21.84,0,40-50
284,53,38.29,18.1,1,30-40
290.5,53,38.62,17.59,1,30-40
323,56,45.02,20.43,0,50+
324,57,45.64,21.85,0,50+
350,62.5,48.75,22.93,0,20-30
350,64,48.14,24.09,0,20-30
298,51,41.35,17.58,1,40-50
300,51.5,40.68,17.38,1,40-50
288,59,46.46,20.59,0,40-50
289,60,46.8,21.02,0,40-50
250.5,51,39.73,17.57,1,40-50
255,52,39.49,17.59,1,40-50
299,57,42.91,20.89,1,40-50
301,58,41.39,21.69,1,40-50
298.5,68.5,44.95,23.36,0,40-50
326,62,46.45,19.95,0,30-40
327,64,47.97,20.47,0,30-40
285.5,60,44,19.91,0,40-50
286,63,45.19,22.81,0,40-50
347,66,46.26,20.95,0,30-40
348,67,47.81,20.34,0,30-40
229.5,59,45.5,19.91,1,50+
334,59,44.53,19.96,1,50+
344,67,49.38,21.27,0,40-50
348.5,65,49.21,21.01,0,40-50
345,64,47.42,21.28,0,30-40
348.5,65.5,47.19,21.91,0,30-40
309.5,55,42.43,17.85,1,50+
313,57,43.24,17.81,1,50+
316,55,42.26,18.92,1,40-50
301,60,44.86,19.49,0,30-40
304,60,45.13,19,0,30-40
271,56,41.18,21.29,1,50+
273,57,40.6,20.42,1,50+
310,49,41.09,16.76,1,30-40
311,49,40.7,16.65,1,30-40
305.5,63,48.55,21.46,0,40-50
311.5,64,48.5,22.89,0,40-50
326,58,45.04,18.74,1,40-50
332,61,44.84,18.97,1,40-50
351,64,49.61,23.27,0,30-40
343,65,49.33,24.58,0,30-40
300,58.5,42.73,19.42,1,50+
304,58.5,43.31,18.85,1,50+
299.5,52,39.06,15.93,1,50+
303,51.5,37.84,17.09,1,50+
308,58,48.88,22.1,0,40-50
319,61,49.04,22.58,0,40-50
300.5,65,48.37,21.91,0,50+
300.5,66,48.19,20.41,0,50+
318,65.5,43.78,19.37,0,40-50
323,67,42.67,19.39,0,40-50
302,62.5,46.14,20.54,0,40-50
304,64,47.25,20.26,0,40-50
331,64,45.93,22.76,0,40-50
327.5,62.5,45.19,23.3,0,40-50
296.5,57,42.66,18.03,0,40-50
294.5,57,41.43,18.68,0,40-50
336,73,52.69,24.19,0,50+
335.5,72,53.13,23.16,0,50+
332,67,53.88,20.72,0,50+
335.5,67.5,51.52,20.88,0,50+
311,62,44.01,20.47,0,50+
314,62.5,43.22,19.06,0,50+
307,61,46.1,19.79,0,50+
314,61.5,46.43,19.48,0,50+
316,63,51.35,22.91,0,50+
324,64,50.46,22.28,0,50+
281,57,43.94,18.96,0,40-50
288,59,42.99,19.23,0,40-50
327.5,65,50.47,23.6,0,40-50
336,67,49.62,21.78,0,40-50
311.5,61.5,47.87,20.41,0,40-50
315,61,47.74,21.58,0,40-50
264,50,32.64,15.55,1,20-30
264,52,33.68,15.9,1,20-30
343,63,45.47,25.06,0,30-40
343,63,45.6,23.3,0,30-40
296.5,51,38.84,15.79,1,40-50
299,51,38.84,16.56,1,40-50
291,55,39.44,21.23,1,40-50
292,58,40.21,23.26,1,40-50
303,52,38.23,21.64,0,40-50
274,50,37.83,22.03,1,40-50
270,48,33.6,19.95,1,30-40
292,54,36.73,21.53,0,30-40
305,53,39.52,19.66,1,40-50
311,56,39,20.8,1,40-50
293,55,39.01,23.84,0,30-40
278,53,37.93,17.93,0,30-40
280,53,36.17,18.38,0,30-40
298,53,42.08,20.82,1,40-50
303,55,41.4,21.36,1,40-50
327,55,47.4,19.94,0,30-40
338,58,45.41,20.67,0,30-40
250,48,35.56,15.07,1,30-40
268,49,33.23,20.74,1,30-40
321,54,46.25,18.87,0,30-40
331,53,47.58,22.08,0,30-40
319,62,48.71,21.31,0,30-40
305,61,45.56,22.77,0,30-40
322,64,49.58,23.67,0,30-40
314,61,44.46,23.14,0,30-40
323,64,44.93,22.73,0,30-40
326,68,45.79,22.26,0,30-40
326,60.5,42.73,20.46,0,40-50
335,61,43.79,21.92,0,40-50
275,49,39.72,19.89,1,40-50
281,51,39.36,20.73,1,40-50
282,52,42.68,16.09,0,30-40
287,57,43.24,21.71,0,30-40
285,48,37.25,13.88,1,20-30
313,66,47.41,21.2,0,30-40
308,56,44.9,20,0,<20
300,52,37.07,18.95,1,30-40
302,53,37.55,20.27,1,30-40
312,61,45.36,20.48,0,40-50
322,62,48.86,21.76,0,40-50
294,55,41.74,18.79,1,20-30
300,56,42.59,19.45,1,20-30
299,60,44.71,20.29,0,20-30
303,61,44.5,21.93,0,20-30
251.5,53,37.32,16.39,0,20-30
263,54,37.71,16.7,0,20-30
347,63.5,49.61,22.26,0,30-40
350,64,51.71,22.41,0,30-40
333,66,52.82,24.04,0,30-40
333,68,50.33,22.84,0,30-40
337,63,48.49,19.74,0,30-40
341,64,48.94,21.97,0,30-40
342,64,45.94,18.77,0,30-40
342,62,46.99,20.38,0,30-40
330,65,47.61,20.83,0,20-30
329,63,46.65,18.1,0,30-40
332,63,48.27,19.36,0,30-40
287,53,40.22,17.04,1,30-40
292,51,39.1,18.68,1,30-40
280,50,36.29,14.33,1,30-40
286,49,35.94,14.07,1,30-40
288,62,40.27,17.86,0,30-40
291,62,39.78,19.68,0,30-40
285,54,39.75,15.83,1,40-50
290,55,40.95,16.83,1,40-50
329,66,45.49,20.86,0,30-40
337,66,47.94,22.24,0,30-40
282,52,40.4,19.44,1,40-50
325,54,39.2,17.19,1,40-50
305,62,46.34,20.96,0,30-40
307,56,40.08,16.43,1,30-40
312,56,40.35,17.19,1,30-40
309,55,41.95,16.54,1,30-40
312,54,41.22,17.75,1,30-40
335,54,41.81,16.42,1,30-40
339,55,41.17,17.24,1,30-40
271,51,34.03,16.08,1,20-30
276,46,35.13,17.15,1,20-30
337,62,47.64,19.03,0,30-40
289,50,34.17,13.78,1,40-50
289,50,35.33,13.83,1,40-50
309,54,44.07,19.28,1,40-50
318.5,59,43.55,20.36,1,40-50
263,54,37.78,17.66,1,20-30
296,57,41.59,20.03,1,30-40
371,66,54.77,22.27,0,30-40
382,67,55.47,24.15,0,30-40
289,50.5,41.52,15.93,1,40-50
294,54,43.5,17.41,1,40-50
299,51.5,39,17.52,1,30-40
333,57,41.98,23.17,0,40-50
347.5,71,50.03,27.02,0,30-40
350,74.5,51.93,28.53,0,30-40
332,63.5,49.22,23.18,0,40-50
282,53,40.4,21,1,30-40
329,64,50.39,20.53,0,40-50
297.5,54,42.6,17.89,1,20-30
302.5,64.5,46.91,22.35,0,40-50
309,63.5,47.1,24.88,0,40-50
314,62,46.7,23.38,0,40-50
310,57,40.06,18.59,1,20-30
309,58,44.85,17.66,0,20-30
315,57.5,45,17.75,0,20-30
306,60,42.71,21.04,0,20-30
314,63,45.15,22.81,0,20-30
304,59,42.33,18.65,0,20-30
292.5,53,40.88,20.58,0,30-40
339,64,52.63,22.07,0,40-50
349,64.5,53.1,25.34,0,40-50
288.5,52,41.41,17.36,1,40-50
317,62,44.28,20.17,1,30-40
314,62,44.14,21.6,1,30-40
359,63,48.5,24.24,0,20-30
294,54,43.17,18.28,1,30-40
303,54.5,43.39,19.55,1,30-40
316,66.5,49.98,19.85,0,30-40
319,65.5,51.23,21.79,0,30-40
289,60,45.41,18.15,0,40-50
295.5,58.5,44.49,18.96,0,40-50
325.5,63,45.76,21.26,0,30-40
327,64.5,44.3,22.47,0,30-40
301,55,45.3,18.1,0,40-50
304,59,44.87,19.54,0,40-50
300,54,38.7,18.1,0,40-50
306,59.5,37.76,18.71,0,40-50
319,58,46.08,22.39,0,30-40
274.5,52.5,39.99,18.47,1,30-40
282,55,38.03,19.15,1,30-40
345,66.5,45.87,23.52,0,20-30
297,59,41.56,20.66,1,40-50
302,59,41.95,21.29,1,40-50
308.5,65,45.2,23.58,0,40-50
315,65,44.75,24.54,0,40-50
300,62,40.9,22.26,0,30-40
304,60,42.61,23.32,0,30-40
303.5,58,42.84,20.34,0,30-40
306.5,56,43.53,22.54,0,30-40
271,54,36.85,16.26,1,30-40
272,53,39.82,15.27,0,20-30
282,53,39.55,15.94,0,20-30
277.5,53,41.62,18.29,1,30-40
278,54,41.03,20.15,1,30-40
329,65,43.01,17,0,20-30
331.5,66.5,42.74,17.06,0,20-30
269,49,36.26,14.25,1,30-40
275,49.5,37.09,14.56,1,30-40
250.5,46.5,30.89,12.28,1,40-50
266,44,32.41,12.25,1,40-50
268.5,48,32.49,14.91,0,20-30
273,48.5,33.79,14.16,0,20-30
279.5,50,34.79,18.44,0,40-50
253,50,37.99,15.66,1,30-40
260.5,51,38.4,16.16,1,30-40
295,60,44.26,18.91,0,20-30
294.5,61,43.68,18.42,0,20-30
278,53.5,39.71,17.04,0,30-40
288.5,55,40.09,19.28,0,30-40
316,58.5,44.89,21.03,1,20-30
321,61,45.41,21.6,1,20-30
295,54,40.27,20.34,1,30-40
296.5,54.5,39.48,21.64,1,30-40
309.5,52.5,37.66,16.79,1,<20
306.5,52,39.02,16.5,1,<20
287.5,52.5,41.37,18.62,1,<20
290.5,53,40.07,19.45,1,<20
332,58.5,42.9,23.04,0,30-40
338,61,44.69,21.79,0,30-40
337.5,60,42.75,20.93,0,30-40
338,62.5,45.91,21.88,0,30-40
302.5,55.5,40.07,19.65,1,20-30
303,57.5,38.93,19.76,1,20-30
329.5,57,45.24,20.73,0,30-40
350.5,60,47.89,19.15,0,30-40
351,59.5,48.46,20.93,0,30-40
325.5,59,46.32,22.19,0,30-40
329,60,46.44,22.94,0,30-40
341,63,47.03,22.95,0,40-50
344,62,45.83,25.81,0,40-50
297,54,40.38,18.96,1,30-40
303.5,54,39.06,17.66,1,30-40
348,62,45.05,21.85,0,20-30
292,58,38.88,20.4,1,40-50
332.5,66,46.73,21.91,0,40-50
338,65.5,47.28,21.46,0,40-50
250,49.5,36.81,20.13,1,30-40
250,49,39.96,18.16,1,30-40
256,51,38.71,17.51,1,30-40
258,50,38.45,18.25,1,<20
298,64,45.01,23.86,0,30-40
300,63,45.01,22.96,0,30-40
306,60,46.61,26.39,0,<20
311,60.5,47.17,26.45,0,<20
257,51,37.73,18.81,1,40-50
265,50.5,37.98,19.07,1,40-50
270.5,55,40.49,22.97,0,30-40
274,54,41.17,22.21,0,30-40
286.5,59,44.42,26.08,0,30-40
288.5,57,44.79,25.17,0,30-40
293,52,41.98,22.3,0,30-40
284.5,52,41.73,23.17,0,30-40
286,59,42.87,23.63,0,40-50
286.5,59,41.48,22.02,0,40-50
275,58.5,44.6,22.02,0,30-40
276.5,58,45.84,23.9,0,30-40
271,61,43.53,23.84,0,40-50
271.5,60,43.53,23.41,0,40-50
274.5,54,40.99,19.51,0,30-40
285,57,46.15,26.02,0,<20
290.5,59,46.91,25.68,0,<20
261,52,40.52,19.68,1,<20
279,62,43.81,26.01,0,40-50
296,59,43.26,24.19,0,40-50
266,53,40.5,18.58,1,<20
272,52,40.61,17.61,1,<20
263,51,39.37,17.16,1,<20
264.5,56,39.77,24.09,0,30-40
272,56,41.01,23.58,0,30-40
260,46,35.8,17.26,1,<20
266,48,36.02,16.03,1,<20
256,56,40.56,20.41,1,30-40
259,55,39.62,20.92,0,<20
293,55,42.88,23.84,0,30-40
298.5,56.5,42.8,23.12,0,30-40
282.5,61,48.92,23.93,0,30-40
287,62,48.84,23.44,0,30-40
286,60,45.43,24.84,0,40-50
287,57,45.31,22.91,0,40-50
278,61,43.6,24.33,0,30-40
285,63,45.69,24.81,0,30-40
291.5,60,46.47,25.76,0,30-40
290,60,46,22.94,0,30-40
266.5,49.5,37.15,17.65,1,30-40
282,54,39.27,19.31,1,40-50
269,54,39.25,19.83,1,40-50
275,54,40.16,20,1,40-50
263,59,43.89,23.11,0,40-50
266,60.5,42.37,23.3,0,40-50
295,59,44.83,22.44,0,30-40
284,58.5,44.51,22.05,0,40-50
258,51,36.21,20.03,1,40-50
284.5,52,40.87,18.55,1,30-40
293.5,52.5,41.5,19.35,1,30-40
287.5,50.5,41.32,20.71,0,20-30
290,51,40.97,20.99,0,20-30
287.5,58,43.17,23.26,0,40-50
289,57,42.68,21.48,0,40-50
262.5,49,38.2,18.98,1,40-50
265,50,40.12,19.33,1,40-50
279,60.5,42.59,25.21,0,40-50
273,52.5,39.62,18.6,1,<20
274,51.5,38.76,18.65,1,<20
283,59.5,45.1,24.29,0,30-40
277.5,60,45.02,26.4,0,30-40
267,53,38.41,17.3,1,<20
270,54,38.21,18.2,1,<20
302,56,44.12,21.06,0,20-30
302,58,43.91,21.84,0,20-30
313.5,55,41.51,21.46,0,20-30
318,56,42.39,21.28,0,20-30
288.5,59,44.77,22.45,0,40-50
291,58,44.09,23.37,0,40-50
302,58,43.37,20.72,0,20-30
307,60,43.8,21.34,0,20-30
283,55,39.93,22.01,0,40-50
287,55,42.08,20.75,0,40-50
269.5,54.5,40.11,21,0,40-50
272,55.5,40.34,21.28,0,40-50
284.5,60.5,46.47,20.17,0,20-30
283,60.5,45.3,18.69,0,20-30
295.5,63,43.92,20.86,0,40-50
296,63,43.75,20.41,0,40-50
295,59,43.3,20.69,0,30-40
294,61,43.2,22.67,0,30-40
247,44,33.25,19.16,1,20-30
248,48,34.46,19.36,1,20-30
254,49.5,35.77,17.67,1,20-30
258,50.5,36.68,17.98,1,20-30
273,51,37.89,17.13,1,50+
274,53,38.27,16.58,1,20-30
276,53,38.43,17.27,1,20-30
273,52,37.24,16.51,1,20-30
276,53,36.98,16.86,1,20-30
267,50,38.65,18.65,1,20-30
267.5,49,37.85,18.38,1,20-30
258,46,35.07,15.3,1,20-30
260,47,35.05,16.1,1,20-30
270.5,51,39.4,17.25,1,30-40
274,52,39.31,17.63,1,30-40
262,47,35.75,16.54,1,20-30
263.5,48,35.85,16.19,1,20-30
251,47,34.54,16.95,1,30-40
254,47,34.39,17.99,1,30-40
277,47,35.85,15.71,1,30-40
279.5,47,35.24,14.15,1,30-40
284,52,37.96,19.44,1,40-50
278,51,36.26,17.75,1,40-50
306,59,44.32,19.98,1,40-50
315,60,44.58,20.82,1,40-50
290,58,42.43,20.1,1,40-50
296,57.5,42.54,20.67,1,40-50
298,57,44.15,22.26,0,30-40
308,61,47.47,23.64,0,30-40
315,62,49.53,23.83,0,30-40
333,61,47.3,22.38,0,30-40
335,62.5,47.64,20.83,0,30-40
335,61,46.02,21.29,0,<20
341,63,47.76,20.7,0,<20
315.5,60.5,45.38,22.51,0,30-40
316,61,45.9,23.58,0,30-40
297,51,38.82,19.54,0,30-40
302,53,39.62,20.48,0,30-40
299,60,44.51,19.66,0,30-40
298,58,44.31,20.22,0,30-40
336,55,43.47,19.29,0,30-40
338,59.5,44.43,22.35,0,30-40
330,58,42.6,17.65,0,30-40
341,60,43.7,19.68,0,30-40
308,58,43.74,19.33,0,30-40
307,59,45.21,21.39,0,30-40
312,56,41.26,18.77,0,40-50
314,58.5,42.2,18.59,0,40-50
306,55.5,42.79,17.55,0,30-40
309,57,42.92,17.32,0,30-40
330,60.5,46.11,17.84,0,40-50
330,61,47.73,18.43,0,40-50
312,62,41.83,20.81,0,30-40
310,61,43.09,22.28,0,30-40
315,52,39.01,16.57,1,40-50
334,62,46.88,21.45,0,40-50
313,60,39.14,19.47,0,30-40
265,56,36.84,15.84,1,<20
273,50,36.94,16.03,1,<20
310,64,43.7,21.64,0,30-40
302,56,43.46,20.35,1,30-40
305,59,43.62,20.69,1,30-40
318,59,44.29,22.8,0,30-40
327,60,44.51,23.19,0,30-40
273,49,36.9,18.13,1,30-40
274,48,37.27,16.27,1,30-40
314,60,44.46,23.12,0,30-40
312,60.5,45.35,22.89,0,30-40
325,64,48.44,19.28,0,30-40
331,67,49.77,20.61,0,30-40
299,60.5,45.78,17.45,1,20-30
301,66,46.14,18.12,1,20-30
311,58,41.01,18.49,0,30-40
310.5,59,42.8,18.76,0,30-40
328,62,46.73,19.03,1,40-50
334,63,50.11,19.77,1,40-50
322.5,56,40.97,15.81,1,40-50
334,57.5,42.2,17.32,1,40-50
323,61,44.19,19.09,0,20-30
327,64,45.26,18.76,0,20-30
301,62,42.95,17.11,1,20-30
289,63.5,41.46,16.78,1,20-30
281,53,38.8,17.65,1,20-30
294.5,55,40.75,17.58,1,20-30
289,52,39.76,16.44,1,40-50
293,52,38.87,16.86,1,40-50
345,67,50.42,19.66,0,30-40
351.5,66,50.37,20.41,0,30-40
332,65,45.97,19.75,0,40-50
334,64,46.03,20.82,0,40-50
286,53,40.53,16.01,1,40-50
321.5,66,47.71,23.04,0,30-40
323,67,49.45,22.91,0,30-40
277,53,39.32,14.94,1,40-50
286,57,39.1,15.09,1,40-50
270.5,50,36.34,15.56,1,40-50
278,53,36.69,15.59,1,40-50
308,60,42.42,21.4,0,20-30
309,59,42.96,22.17,0,20-30
335,59,43.22,20.8,0,40-50
340,63,44.94,20.86,0,20-30
343,65,44.67,20.13,0,20-30
318,56.5,44.03,20.42,0,30-40
326,58,45.56,23.08,0,30-40
332.5,64,44.34,20.03,0,30-40
339,64,46.42,20.06,0,30-40
310,58,42.88,18.11,0,30-40
313,59,43.12,18.95,0,30-40
339,60,45.39,21.85,0,40-50
298.5,65.5,48.08,21,0,20-30
305,65,48.48,22.81,0,20-30
330.5,64.5,45.56,19.37,0,30-40
339,67,46.71,19.79,0,30-40
301,59,45.62,22.49,0,30-40
317,61,46.73,25.86,0,40-50
315,60,46.25,21.74,0,40-50
319,57,41.78,21.31,0,30-40
289,59,43.5,21.06,0,30-40
291.5,59,43.3,21.82,0,30-40
296,63,44.13,21.67,0,30-40
309,55,44.84,19.16,0,40-50
312,57,45.48,19.59,0,40-50
272,53,39.76,16.57,1,<20
271,55,39.5,17.74,1,<20
299,58,44.36,19.4,1,30-40
300,59,44.35,20.46,1,30-40
301,60.5,45.4,22.35,0,40-50
302,61.5,45.26,23.15,0,40-50
300,51,38.39,20.94,1,30-40
302,51,37.9,22.27,1,30-40
279,54,42.51,18.35,1,20-30
282,54,43.99,17.44,1,20-30
303,63.5,46.4,22.43,0,40-50
306,64,47.58,22.59,0,40-50
286,65,42.45,21.82,0,40-50
294,67,42.43,23.04,0,40-50
286.5,55,41.49,16.33,1,40-50
302,60,44.81,20.66,0,30-40
306.5,61,45.69,22.79,0,30-40
310,61,47.42,21.3,0,40-50
314,62,46.16,21,0,40-50
304,64.5,47.38,21.88,0,40-50
304,65,48.26,21.95,0,40-50
286,66,45.83,22.6,0,30-40
288,64,46.7,22.13,0,30-40
290,59,46.72,25.43,0,40-50
299,58,45.86,25.99,0,40-50
286.5,61,42.36,20.89,1,30-40
288.5,60.5,42.78,20.67,1,30-40
297.5,61,43.96,18.85,0,20-30
302,61,42.48,19.39,0,20-30
285,60,44.03,23.72,1,40-50
283,61.5,43.78,23.5,1,40-50
297,58.5,43.19,21.77,0,<20
298,59,42.83,21.19,0,<20
302,63,42.89,19.53,0,40-50
306,61,44.1,20.16,0,40-50
295,63,41.68,21.2,0,30-40
295,62,41.98,21.43,0,30-40
291,56,39.03,19.43,0,20-30
293,55,39.74,20.43,0,20-30
282,54,42.05,18.63,0,20-30
283,54,42.98,19.26,0,20-30
304,65,49.34,24.19,0,40-50
308,64.5,49.97,24.29,0,40-50
304,59,38.09,18.89,1,40-50
317,59.5,42.49,16.9,0,40-50
325,61,41.6,19.71,0,40-50
318,58.5,40.34,18.53,0,30-40
325,63,41.09,17.86,0,30-40
318,65,45.42,22.28,0,30-40
319,63,46.45,22.17,0,30-40
315.5,61,44.82,19.09,0,40-50
322,63,44.72,20.13,0,40-50
317.5,62,41.94,18.69,0,20-30
316,63.5,43.27,20.18,0,20-30
305,58,43.95,19.11,0,30-40
312,59,44.88,19.59,0,30-40
329,62,43.39,16.86,0,30-40
333,65,43.48,19.57,0,30-40
314,61,43.95,20.43,0,30-40
317,62,44.6,20.91,0,30-40
316,59.5,44.87,19.75,0,40-50
317,60,44.99,21.02,0,40-50
307,56,45.39,18.58,0,30-40
308.5,58,46.44,20.12,0,30-40
322,58,42.14,19.79,0,30-40
325,60,41.9,19.05,0,30-40
257,46.5,36.75,16.62,1,40-50
263,49,36.22,15.96,1,40-50
274,53,37.38,16.22,1,30-40
284,55,36.67,16.61,1,30-40
296,63,44.43,20.97,0,30-40
291,64.5,44.57,22.11,0,30-40
303.5,59.5,45.23,21.31,0,20-30
301.5,57,44.37,20.58,0,20-30
294,53,41.91,18.36,1,30-40
296,57,41.3,18.92,1,30-40
277,59,42.38,17.38,0,30-40
282,59,43.21,18.65,0,30-40
280,53,39.73,17.11,1,40-50
280,53,39.07,18.83,1,40-50
268,50,33.45,16.1,1,30-40
276,51,34.05,18.94,1,30-40
263,49,35.01,15.42,0,20-30
267,49,34.7,15.9,0,20-30
268,45,34.77,15.41,1,30-40
269,46,33.75,15.64,1,30-40
300.5,58,44.22,21.19,0,40-50
301,56,43.26,22.08,0,40-50
275,56,41.46,22.02,0,40-50
276.5,54.5,40.46,21.84,0,40-50
250,43,34.33,14.6,1,20-30
254,42,33.5,14.39,1,20-30
252.5,42,34.68,13.21,1,40-50
253,44,33.2,12.97,1,40-50
275.5,42.5,34.4,14.62,1,20-30
257,41,33.5,12.01,1,40-50
259,44,32.24,14.18,1,40-50
277,48,41.04,14.47,1,40-50
278,49,40.13,15.9,1,40-50
337.5,58.5,45.1,18.89,0,30-40
342,59,45.99,18.01,0,30-40
314,59,43.29,21.22,0,40-50
311,61.5,42.13,20.79,0,40-50
288,57,41.17,17.34,0,40-50
270.5,57,40.76,19.5,0,40-50
305,56,42.94,22.48,0,20-30
304,55,43.17,21.58,0,20-30
295,56,41.58,19.09,0,30-40
298,55.5,42.81,19.18,0,30-40
297,53,40.13,18.45,0,20-30
297,54,41.06,18.86,0,20-30
288,55,44.51,20.18,0,40-50
294,60.5,46.16,20.24,0,30-40
300,65,46.33,19.45,0,30-40
262,53,40.05,16.05,1,20-30
266,53,40.02,16.03,1,20-30
317,62,43.98,21.88,0,30-40
319,61.5,43.87,22.29,0,30-40
312,60.5,44.86,19.21,0,40-50
313,63,44.06,20.1,0,40-50
318,70,48.43,23.7,0,40-50
323,72,51.01,25.56,0,40-50
309,68,46.19,21.64,0,30-40
309.5,65,46.41,22.05,0,30-40
306,54.5,42.27,19.55,1,20-30
332,61,46.41,22.31,0,20-30
329,61,45.47,22.1,0,20-30
311.5,54,43.58,19.67,1,30-40
309.5,55,43.02,20.12,1,30-40
286,52,38.99,18.72,1,30-40
287.5,54,39.13,18.91,1,30-40
317,63,46.26,18.9,0,30-40
314,62.5,45.97,18.84,0,30-40
304,64,45.89,21.19,0,30-40
300.5,63,44.67,20.43,0,30-40
304,54,40.8,15.53,1,<20
306,54,41.53,16.1,1,<20
321,63,47.78,21.76,0,20-30
322,65,48.22,20.76,0,20-30
311,59,45.7,21.11,0,30-40
305,61,44.3,21.61,0,30-40
325,60,43.05,18.82,0,30-40
329.5,60,44.79,21.42,0,30-40
317,56,41.5,17.99,0,20-30
319,58,41.74,19.49,0,20-30
325.5,61.5,43.07,20.6,0,20-30
328.5,62,45.34,21.46,0,20-30
295.5,57,46.7,17.52,0,30-40
296,58,46.4,17.85,0,30-40
294.5,57,42.56,20.39,0,30-40
300.5,56,42.06,21.08,0,30-40
310,61,44.65,24.87,0,20-30
316,63,46.3,26.04,0,20-30
268,53,38.06,19.65,1,30-40
278.5,52,39.21,19.8,1,30-40
266,44,37.36,18.14,1,30-40
284,57,40.41,19.65,1,20-30
290,56,39.9,19.46,1,20-30
290,60,41.39,23.76,1,40-50
291,61,42.58,25.38,1,40-50
315,63,49.75,27.22,0,20-30
320.5,65,49.55,26.79,0,20-30
277,53,40.75,19.24,0,20-30
285,57,42.63,21.45,0,20-30
314,62.5,44.8,20.57,0,20-30
320,63,45.75,21.55,0,20-30
309,67,42.4,22.25,0,20-30
313,66,44.45,23.73,0,20-30
327.5,59.5,45.09,21.14,0,20-30
329.5,59,47.78,21.64,0,20-30
319.5,63,44.41,18.91,0,40-50
324,60,46.58,22.72,0,40-50
289,53,36.52,19.48,1,40-50
295,55,39.42,20.41,1,40-50
296,57.5,43.21,19.39,1,30-40
302,57,42.96,21.3,1,30-40
296,54,41.47,18.13,1,30-40
305,54,42.31,19.49,1,30-40
344.5,63,46.77,21.57,0,30-40
286,53,40.44,18.41,1,30-40
288,55,40.02,19.35,1,30-40
316,56,42.67,19.44,1,30-40
304,51.5,42.37,18.17,1,30-40
306,53,41.75,18.22,1,30-40
290,49,40.28,16.82,1,50+
292,52,39.58,18.26,1,50+
297,53,43.25,20.53,0,50+
303,55,45.39,21.83,0,50+
296.5,55,42.17,17.93,1,50+
299,53.5,40.63,18.67,1,50+
327,62.5,42.83,21.19,0,50+
323,62.5,44.21,22.26,0,50+
279,53,40.39,15.99,1,50+
285,53,38.45,15.33,1,50+
321.5,62,43.63,21.99,0,50+
326,65,42.78,23.39,0,50+
300,56,38.91,17.01,1,50+
304.5,56,38.57,17.76,1,50+
298.5,59,43.75,18.18,0,30-40
305.5,59,41.92,19.21,0,30-40
261.5,46,36.53,15.35,1,20-30
259,48,36.5,15.95,1,20-30
323.5,62.5,44.73,22.44,0,50+
323,61.5,40.69,23.25,0,50+
302,50,37.81,16.9,1,20-30
308,51,38.54,16.6,1,20-30
302,54.5,44.12,19.12,0,50+
306,58,44.73,20.3,0,50+
320.5,60,43.12,17.56,0,20-30
325,61,44.09,17.32,0,20-30
313.5,62,44.02,20.31,0,50+
319,62,44.32,20.32,0,50+
281,52,42.53,17.27,1,50+
286,52,40.95,17.69,1,50+
296,60,43.84,20.06,0,50+
317,53,41.17,17.38,1,50+
324,54,41.57,16.96,1,50+
276,55,38.77,16.57,1,30-40
278,54,38.44,16.63,1,30-40
299.5,53.5,43.67,19.69,1,30-40
301.5,53,42.93,20.59,1,30-40
294,52,40.6,16.63,1,40-50
297,53.5,40.3,17.66,1,40-50
305,54.5,45.81,18.32,1,20-30
310.5,55,45.31,17.63,1,20-30
290,54,39.05,17.47,1,30-40
295,54,38.33,17.46,1,30-40
323.5,67,49.24,20.39,0,20-30
327,70,48.3,24.11,0,20-30
313,65,45.55,19.87,0,30-40
315,66,45.75,21,0,30-40
317.5,62,43.82,21.19,0,40-50
326,61,45.92,23.92,0,40-50
308.5,61,45.92,22.47,0,40-50
295,58,39.9,16.9,0,20-30
303,58.5,40.96,17.61,0,20-30
265,52,36.82,16.12,1,20-30
269.5,52,35.53,18.21,1,20-30
301.5,61,42.2,19.8,0,20-30
305,62.5,44,21.05,0,20-30
296,53,41.29,17.34,1,30-40
300,54,41.8,16.73,1,30-40
316,58,42.81,19.79,0,20-30
322,57,43.15,20.97,0,20-30
290,56,41.91,18.47,0,20-30
294,57.5,42.18,20.09,0,20-30
282,52,37.79,17.13,1,40-50
286,53,37.61,17.68,1,40-50
272,57,43.05,16.96,0,<20
279,58,43.42,17,0,<20
269.5,51,37.42,16.45,1,30-40
275,51.5,37.41,16.35,1,30-40
262.5,47,34.61,14.99,1,40-50
264.5,48,36.78,15.28,1,40-50
293,56,43.79,17.87,0,30-40
298,57,47.17,18.18,0,30-40
254,51,34.76,16.47,1,30-40
256,51,34.57,17.14,1,30-40
275,57,42.95,17.17,0,40-50
278,58,40.74,18.7,0,40-50
276,52,38.89,20.22,0,<20
275,52,39.73,18.05,0,<20
260,50,37.42,17.72,0,30-40
262,50,38.06,16.62,0,30-40
275.5,47,33.8,14.6,1,<20
273,48.5,34.34,15.13,1,<20
251,41,33.69,12.96,1,20-30
255,42,34.08,13.76,1,20-30
334,67,50.56,25.81,0,30-40
318,51,38.28,16.61,0,30-40
319,52,39.37,17.73,0,30-40
285,43,36.66,14.13,1,50+
296,47,36.5,14.99,1,50+
287,46,34.74,13.49,1,20-30
289,46,33.07,14.29,1,20-30
318,50,36.29,16.47,1,20-30
315,49,36.73,17.31,1,20-30
317,60,43.15,19.96,0,40-50
289,55,40.51,15.36,1,40-50
295,55,40.11,18.26,1,40-50
323,60,44.61,18.07,0,30-40
292,55,38.67,18.53,1,40-50
296,56,37.33,17.91,1,40-50
337.5,65,45.64,22.13,0,30-40
342,67,44.73,23.64,0,30-40
284,52,37.84,15.92,1,40-50
291,54,36.45,17.64,1,40-50
284,52,34.76,18.19,1,40-50
288,53,35.38,16.95,1,40-50
304,59,44.21,20.33,0,30-40
303,59,43.55,22.7,0,30-40
307,66,42.12,21.87,0,40-50
310,63.5,41.89,22.24,0,40-50
290,57,41.32,17.15,0,20-30
294,57,42.09,19.99,0,20-30
292,53,39.94,17.65,1,40-50
291,54,39.96,18.13,1,40-50
302,63,43.66,25.52,0,30-40
292,53,38.28,16.61,1,20-30
300,53,38.74,18.17,1,20-30
274,49,33.11,16.18,1,40-50
274,48,33.47,14.76,1,40-50
305,54,35.89,15.54,1,30-40
305,54,35.53,16.49,1,30-40
321,55,39.05,16.64,1,30-40
320,59,45.36,18.83,0,20-30
359,63,45.5,20.91,0,20-30
366,65,46.98,23.03,0,20-30
314,62,46.46,23.09,0,20-30
304,58,39.76,22.07,1,40-50
295,51,41.46,22.78,1,40-50
347,68,52.22,22.84,0,40-50
335,54.5,51.88,21.41,0,40-50
282,55,40.58,19.21,1,40-50
296,56,42.2,19.19,1,40-50
307,59,45.79,18.91,0,30-40
313,59.5,46.83,20.59,0,30-40
284,52,39.26,16.92,1,40-50
290,54,39.1,18.39,1,40-50
339,73,53.85,25.04,0,20-30
353,75,55.67,26.19,0,20-30
335,61,51.19,22.34,0,30-40
342,60,49.63,21.45,0,30-40
287,53,40.78,18.54,1,<20
296,55,40.34,20.28,1,<20
287,53,41.9,21.44,1,20-30
297,55,41.14,21.72,1,20-30
311,58,44.89,15.91,0,20-30
319,59,44.98,16.75,0,20-30
285,52,39.16,19.43,1,<20
292,53,38.32,19.47,1,<20
267,55,39.25,20.55,1,40-50
275,54,40.47,20.73,1,40-50
311,57,43.94,22.96,0,40-50
320,59,44.26,22.74,0,40-50
340,66,51.59,25.15,0,40-50
274,55,40.91,20.78,1,40-50
284,57,41.56,20.9,1,40-50
273,54,40.81,20.65,1,40-50
283,55,41.25,20.89,1,40-50
344,64,51.27,24.33,0,40-50
342,65,50.36,22.66,0,40-50
344,64,51.06,23.56,0,40-50
342,65,50.5,25.12,0,40-50
288,53,39.85,17.92,1,20-30
302,53,39.44,18.91,1,20-30
309,65,48.04,23.6,0,30-40
325,66,48.68,25.79,0,30-40
291,53,39.77,17.75,1,40-50
303,55,40.8,19.36,1,40-50
271,52,39.17,18.97,1,30-40
278,51,38,19.32,1,30-40
286,56,40.1,18.03,1,40-50
306,56,39.06,19.17,1,40-50
324,62,50.21,23.43,0,40-50
326,62,50.84,24.18,0,40-50
289,54,41.88,17.06,1,30-40
296,53,40.72,18.16,1,30-40
286,55,41.2,19.86,1,20-30
293,56,42.36,20.05,1,20-30
338,67,49.43,22.86,0,40-50
345,67,50.4,24.49,0,40-50
327,68,47.36,22.94,0,20-30
334,67,48.99,22.3,0,20-30
302,57,40.8,17.01,1,<20
310,57,42.61,19,1,<20
305,61,48,21.87,0,40-50
305,62,45.61,21.33,0,40-50
308,51,41.54,20.58,1,40-50
311,55,42.11,20.84,1,40-50
284,50,38.32,18.89,1,40-50
292,50,39.93,20.42,1,40-50
319,67,50.09,23.3,0,40-50
324,69,48.09,24.19,0,40-50
327,69,47.36,20.62,0,40-50
340,68,48.08,22.23,0,40-50
275,51,37.95,17.16,1,30-40
281,52,37.9,17.19,1,30-40
295,53,42,17.53,1,30-40
303,54,41.6,18.39,1,30-40
274,50,39.22,15.2,1,30-40
279,52,39.32,16.07,1,30-40
283,52,41.6,17.8,0,30-40
283,51,40.91,18.32,0,30-40
300,56,43.43,20.89,1,20-30
307,58,44.46,21.73,1,20-30
291,47,36.51,13.96,1,<20
295,49,35.18,14.95,1,<20
320,64,49.72,23.89,0,40-50
331,61,48.9,24.24,0,40-50
297,56,40.64,21.48,1,20-30
302,56,40.64,22.74,1,20-30
276,57,38.82,17.83,1,20-30
282,56,38.52,18.56,1,20-30
318,62,47.37,21.16,0,20-30
327,62,47.84,20.97,0,20-30
296,54,38.95,17.92,1,<20
309,55,38.45,18.44,1,<20
339,64,50.47,22.67,0,20-30
341,70,52.91,24.7,0,20-30
323,56,43.56,21.42,0,20-30
323,58.5,45.3,21.88,0,20-30
277.5,52,38.57,20.67,0,20-30
276,51,37.75,20.75,0,20-30
256,50,37.02,14.28,1,20-30
255,49,35.34,13.81,1,20-30
349,65,47.86,23.68,0,40-50
356,65,49.52,24.02,0,40-50
313,64.5,45.73,20.99,0,30-40
320,65,44.58,21.83,0,30-40
281,55,40.62,17.75,1,20-30
286,57,40.22,18.18,1,20-30
286,55,41.77,18.9,1,40-50
295,56,42.29,19.58,1,40-50
315,69,49.91,20.62,0,30-40
320,68,48.39,23.31,0,30-40
331,65,47.55,22.03,0,20-30
327,60,43.77,19.78,1,30-40
323,70,48.38,23.63,0,30-40
315,57,43.23,21.49,0,30-40
318,57,44.28,23,0,30-40
287,58,41.45,20.52,1,40-50
300,59,41.83,21.4,1,40-50
279,57,41.21,19.05,1,30-40
287,57,39.11,19.13,1,30-40
274,57,43.69,17.21,1,40-50
281,57,44.21,18.84,1,40-50
308,59,43.08,20.86,1,30-40
307,59,44.47,21.16,1,30-40
332,65,46.77,24.5,0,30-40
329,66.5,46.88,27.21,0,30-40
294,56,39.9,21.09,1,40-50
285,54,40.75,19.53,0,30-40
320,66.5,45.73,22.31,0,20-30
328,68,47.34,23.15,0,20-30
276,53,38.01,18.88,0,40-50
308,58,42.97,17.67,1,30-40
315,59,41.15,17.78,1,30-40
315.5,58,43.45,18.1,1,40-50
323,58,43.83,19.4,1,40-50
289,58,42.52,19.43,0,40-50
294.5,59,41.56,19.94,0,40-50
363,66,50.47,19.36,0,30-40
324,58,42.55,20.47,1,40-50
330.5,59,43.3,21.85,1,40-50
327,62,46.27,22.54,0,30-40
330.1,66,47.15,23.41,0,30-40
318,67,52.13,20.43,0,20-30
323,67.5,51.89,20.75,0,20-30
329,64.5,48.3,24.52,0,30-40
308,68,48.47,22.74,0,20-30
340.5,65,43.87,20.46,0,20-30
342,66.5,45.24,22.07,0,20-30
293,56,40.37,21.68,1,40-50
293,56,41.06,20.57,1,40-50
295,57,41.82,18.34,1,30-40
295.5,57.5,41.67,20.86,1,30-40
292,53,40.95,19.11,1,30-40
296,56,41.08,19.32,1,30-40
272,53.5,39.49,20.75,1,30-40
279.5,53.5,38.52,20.71,0,40-50
283,53,38.42,22,0,40-50
306,62.5,46.41,21.8,0,20-30
307,63.5,45.05,23.51,0,20-30
283,53,39.66,21.88,1,20-30
288,53,39.02,20.49,1,20-30
335,63,46.81,22.15,0,20-30
337,62.5,48.29,23.63,0,20-30
306.5,54,41.82,20.71,1,20-30
305,68,46.86,21.35,0,30-40
310.5,70,47.75,20.66,0,30-40
312,60,45.3,21.18,0,40-50
310,60,44.24,22.49,0,40-50
301.5,57.5,45.3,20.4,1,30-40
270,48,35.88,16.9,1,30-40
282,48,36.88,17.62,1,30-40
279,52,38.09,18.16,1,40-50
316.5,59,45.93,18.36,0,20-30
326,67,46.78,18.99,0,20-30
301.5,62,43.02,21.67,0,30-40
310,66,41.56,23.18,0,30-40
290,54.5,37.63,19.31,1,40-50
295,59,38.38,20.53,1,40-50
285,52,38.12,19.32,1,40-50
292,52,38.24,18.18,1,40-50
301,51,39.82,19.23,0,30-40
287,62.5,39.86,22.02,1,30-40
301,60,39.8,22.05,1,30-40
335,71,44.95,23.27,0,40-50
336,72,45.65,24.91,0,40-50
294,53,41.35,17.77,1,30-40
296,53.5,40.97,19.14,1,30-40
274,59,40.66,18.83,1,30-40
278,60,40.34,18.87,1,30-40
300,58,42.11,19.95,0,20-30
300.5,59,40.72,19.79,0,20-30
326,60,41.97,19.47,1,30-40
291,63,40.48,19.63,1,30-40
283,53,40.03,20.64,1,<20
351.5,60,48.47,23.7,0,20-30
357,64,49.04,24.63,0,20-30
313,55.5,45.06,20.16,1,20-30
295,57.5,43.91,22.1,0,20-30
297.5,63,46.77,23.47,0,20-30
286.5,51,37.65,19.16,1,40-50
288,51,38.43,18.49,1,40-50
330,59,43.89,22.6,0,30-40
331,59,47.11,23.78,0,30-40
302,58.5,42.03,20.87,1,30-40
310,56,40.27,21.12,1,30-40
304,60,43.29,20.81,0,30-40
308,59,44.69,20.17,0,30-40
313.5,57,41.37,19.03,1,40-50
319,59,40.88,20.52,1,40-50
294,47,36.98,18.45,1,30-40
301,57.5,42.62,18.64,1,40-50
305,57,41.43,20.6,1,40-50
330.5,61,43.84,20.71,0,20-30
343,59,43.36,21.06,0,20-30
296.5,57.5,37.96,18.34,1,40-50
303,56,37.78,18.17,1,40-50
297.5,50.5,41.35,16.06,1,30-40
304,52,40.08,17.33,1,30-40
297,52.5,39.49,17.5,1,40-50
303,51,40.8,18.71,0,30-40
291.5,58,39.82,17.32,1,40-50
295,59.5,39.92,17,1,40-50
276,49,37.61,15.53,1,30-40
278,50,36.01,15.4,1,30-40
309,51.5,38.24,18.06,1,30-40
309.5,55,38.45,18.28,1,40-50
313,55,38.16,16.57,1,40-50
294,58,36.63,16.91,1,40-50
298,59.5,36.7,16.75,1,40-50
308,55.5,41.88,14.91,1,20-30
309,56,42.42,14.84,1,20-30
302,59,38.04,17.05,1,30-40
302,59,38.5,18.08,1,30-40
309,68,44.62,20.12,0,30-40
308,64,43.56,20.16,0,30-40
305,54,42.98,16.64,0,20-30
346.5,61,43.62,18.14,0,30-40
354,63,43.76,17.44,0,30-40
280,53,39.34,16.78,1,30-40
285.5,52,39.11,16.54,1,30-40
298.5,66,43.22,21.17,0,30-40
300.5,65,42.82,22.19,0,30-40
327,61,46.31,18.97,0,30-40
298,55,42.43,16.1,1,40-50
304.5,55,43.23,17.69,1,40-50
345,65,49.6,22.33,0,30-40
301,56,36.98,16.93,1,40-50
307,57,37.87,18.49,1,40-50
302,55,34.88,17.23,1,30-40
310,55,35.92,17.92,1,30-40
280,58.5,38.29,21.49,1,40-50
289,56,38.9,20.32,1,40-50
297,56,40.04,18,1,40-50
307,55,39.85,16.73,1,40-50
288,53,34.94,16.01,1,30-40
291,51,34.35,17.29,1,30-40
246,53,36.08,14.69,0,30-40
255,52,36.46,15.44,0,30-40
299,55,37.81,18.42,1,40-50
305,55,37.56,19.59,1,40-50
298,57.5,43.11,17.59,0,20-30
302,57,44.29,18.58,0,20-30
310.5,61,46.09,18.74,0,20-30
309,62,47.06,18.24,0,20-30
320,66,45.01,19.95,0,30-40
319,65,46.36,21.02,0,30-40
336,61.5,47.05,18.64,0,30-40
332,61,48.67,20.62,0,30-40
338,53,43.77,18.06,0,20-30
270.5,48,39.92,17.84,1,30-40
274.5,51,39.78,18.13,1,30-40
282,44,39.15,17.29,1,40-50
294,56,44.63,20.34,0,40-50
292,55,45.29,20.93,0,40-50
290,52,42.37,17.95,1,40-50
281,54,38.66,18.03,1,20-30
280.5,52,38.79,18.44,1,20-30
278.5,51,38.03,18.99,1,40-50
286,50,40.7,19.4,1,40-50
277,51,37.57,18.52,1,30-40
275,50,36.19,19.4,1,30-40
276,55,40.47,19.17,1,40-50
280,53,41.77,19.09,1,40-50
279,48,39.89,17.9,1,40-50
281,48,39.43,17.37,1,40-50
314.5,62,45.77,24.42,0,20-30
282.5,62.5,39.24,19.15,1,40-50
284,50,37.25,17.96,1,40-50
304,56,43.74,19.55,0,20-30
306,56,43.67,20.21,0,20-30
300,56,46.48,21.18,0,40-50
296,58.5,42,20.2,0,40-50
294,52,39.61,19.11,1,30-40
298,50,39.41,17.95,1,30-40
295,54,39.18,20.28,1,20-30
289,54,39.97,20.64,1,20-30
267.5,51.5,39.37,21.48,1,40-50
275,53,40.42,21.88,1,40-50
284,48,38.21,17.94,1,40-50
288,48.3,38.85,16.8,1,40-50
324,62,44.48,20.59,0,30-40
274.5,55.5,40.36,20.37,1,40-50
282,57,40.32,19.77,1,40-50
315,63,47.25,23.1,0,30-40
321,63.5,48.39,23.8,0,30-40
258,54,40.96,21.03,1,40-50
265,54,40.27,21.24,1,40-50
261,54,38.74,21.49,1,40-50
311.5,67,48.95,24.29,0,40-50
307,64,48.16,22.7,0,40-50
312,65,47.87,24.99,0,40-50
319,66,49.02,26.01,0,40-50
282,54,39.53,20.97,1,30-40
288,55.5,39.42,20.4,1,30-40
263,56,40.65,20.25,1,40-50
266,57,40.04,20.01,1,40-50
278,55,40.37,21.36,1,30-40
296,55,39.2,19.01,1,40-50
296,57,38.27,19.08,1,40-50
284.5,58.5,44.28,24.84,0,30-40
289,59,45.09,25.11,0,30-40
267,52,38.6,18.95,1,30-40
272,56,40.27,19.57,1,30-40
303.5,58,40.85,21.85,1,30-40
308,57,40.13,21.6,1,30-40
313,62,48.81,23.52,0,40-50
317.5,64,47.8,22.94,0,20-30
315.5,64,47.51,23.19,0,20-30
250,56,39.9,21.15,1,40-50
254,57,39.7,19.08,1,40-50
300,59,44.71,22.67,0,40-50
278,49,36.21,19,1,30-40
274,54,36.26,18.86,1,30-40
280.5,61.5,43.51,24.77,0,40-50
286,63,45.56,23.68,0,40-50
268,58,41.21,21.87,1,40-50
273,57,40.37,22.25,1,40-50
287,53,42.39,23.21,1,40-50
288,53,40.95,23.08,1,40-50
282,55,39.08,20.6,1,40-50
290,55.5,38.85,18.76,1,40-50
336,63,49.02,23.52,0,40-50
339,64,49.39,26.99,0,40-50
316,65,47.15,23.13,0,20-30
317,65,46.41,26.11,0,20-30
280.5,55,42.69,20.59,1,40-50
286,55.5,40.86,21.3,1,40-50
269,52.5,38.09,19.98,1,40-50
275,56,38.4,20.7,1,40-50
305,60,45.8,20.77,0,40-50
311,61,43.84,21.86,0,40-50
301,60.5,44.42,24.9,0,30-40
286,54.5,41.37,20.75,1,40-50
294,56,41.9,20.63,1,40-50
299,55.5,45.02,21.56,0,40-50
310,59,44.82,21.88,0,40-50
281.5,61,43.85,23.77,0,40-50
285,62,43.38,23.69,0,30-40
294,64,43.32,25.33,0,30-40
294,58,42.03,21.77,0,20-30
297,58,43.98,21.4,0,20-30
340.5,64,43.98,27.14,0,30-40
341,62.5,44.59,25.93,0,30-40
319,52,38.61,16.72,1,40-50
310,57,40.21,19.38,1,30-40
307,59.5,41.67,21.37,1,30-40
315,56,40.74,18.17,1,40-50
306,56,40.74,21.68,1,40-50
294,58,43.84,22.72,0,30-40
300,57.5,43.84,20.71,0,30-40
316.5,62.5,44.75,22.17,0,30-40
316,66,45.55,23.2,0,30-40
314,57,43.31,20.68,0,40-50
314,59,44.83,20.96,0,40-50
303,59,44.32,20.2,0,40-50
306,59,43.6,19.83,0,40-50
293,59.5,42.67,20.48,0,40-50
291,60,42.81,21.48,0,40-50
318,64.5,43.31,21.36,0,40-50
319,65,45.77,21.62,0,40-50
320,61,45.84,21.01,0,20-30
294,59,43.23,22.74,0,20-30
302.5,59,43.69,23.59,0,20-30
311,59,42.57,21.76,0,20-30
309.5,60,43.09,20.99,0,20-30
287,60,45.46,21.41,0,30-40
307.5,55,37.63,18.26,1,20-30
308,57,38.05,18.83,1,20-30
274,53,37.46,19.4,1,30-40
275,47,38.24,16.93,1,30-40
275.5,47,37.04,17.15,1,30-40
245,48,35.05,19.85,1,30-40
247,48,35.22,18.66,1,30-40
263,54,35.47,20.05,1,30-40
323.5,64,45.18,23.5,0,30-40
324.5,62,46,24.02,0,30-40
311.5,59,42.97,19.34,0,30-40
312,60,43.08,19.6,0,30-40
288,52.5,36.83,16.7,1,20-30
295,53,36.66,16.73,1,20-30
295,53,43.75,19.34,0,30-40
296.5,55.5,44.3,20.36,0,30-40
295,55,39.56,17.94,1,40-50
301,54,37.5,15.89,1,40-50
314,64,45.93,21.24,0,40-50
310,64,46.71,21.92,0,40-50
320.5,60,42.4,21.25,1,40-50
326,60.5,42.52,20.09,1,40-50
340,61,43,20.75,0,40-50
343.5,63,43.78,22.89,0,40-50
309.5,53,40.35,19.84,1,30-40
320,52,39.32,19.94,1,30-40
296,53,38.71,20.63,1,40-50
289,54,38.15,18.64,1,40-50
298,56,38.31,20.22,1,40-50
306,55.5,41.74,20.5,1,40-50
290.5,55,39.9,18.95,1,<20
289,57,39.58,18.58,1,<20
284.5,58,40.7,17.99,1,40-50
288,57.5,39.76,18.86,1,40-50
302,54,40.11,17.77,1,40-50
310,54,40.61,18.89,1,40-50
316,57,45.15,21.45,0,40-50
320,57,44.47,19.79,0,40-50
303,56,38.19,17.79,1,40-50
308,55,39.44,17.66,1,40-50
298,58,38.6,18.48,1,40-50
316,58,40.93,18.87,1,40-50
318,57.5,41.53,19.14,1,40-50
305.5,53,41.55,17.97,1,30-40
307,53.5,41.71,20.05,1,30-40
274,51.5,37.17,16.21,1,40-50
279,52,36.11,16.32,1,40-50
314,55.5,39.88,18.83,1,30-40
316,55.5,39.8,18.52,1,30-40
280.5,49,37.51,17.34,1,40-50
290,48.5,37.63,16.57,1,40-50
337,57,44.46,17.35,0,40-50
339,63,46.07,20.72,0,40-50
305,55,39.9,19.68,1,40-50
309.5,57,42.37,20.17,0,20-30
311.5,57.5,41.15,21.63,0,20-30
296.5,52.5,39.69,19.53,1,40-50
301.5,56,40.9,20.26,1,40-50
288.5,46,36.88,17.03,1,30-40
295.5,46,37.11,16.36,1,30-40
330.5,61,44.84,21.94,0,30-40
331,60.5,44.83,22.21,0,30-40
309,51,40.54,21.04,1,40-50
318,52,39.75,20.05,1,40-50
323,61,45.59,16.57,0,40-50
324,58,45.33,18.94,0,40-50
297,53,41.6,21.92,1,40-50
306.5,55,42.54,21.24,1,40-50
330,55,44.89,20.07,0,20-30
304,52,39.12,19.26,1,40-50
309,52.5,39.43,20.37,1,40-50
292,50,37.73,18,1,40-50
291,49,37.7,17.65,1,40-50
303,56,39.54,22.38,1,20-30
307,54.5,39.12,21.86,1,20-30
308,53.5,39.37,20.08,1,40-50
314,53.5,39.61,19.34,1,40-50
310,53,39.85,20.27,1,30-40
315.5,55,39.54,20.76,1,30-40
289.5,51,37.56,21.71,1,20-30
298,52,37.59,22.83,1,20-30
277.5,51,36.51,20.6,1,30-40
283,51,35.39,21.73,1,30-40
301,57,39.19,19.33,0,30-40
306.5,57.5,39.35,19.08,0,30-40
286,58,39.34,18.94,0,20-30
289,60,42.92,19.69,0,20-30
311,56,45.92,18.4,0,40-50
313.5,57.5,45.41,19.71,0,40-50
280,54.5,38.09,18.72,1,40-50
278,52,35.9,20.71,1,30-40
301,57,40.53,17.71,0,20-30
302,58,43.25,18.69,0,20-30
289,50,37.41,19.26,1,40-50
290,51,36.76,19.21,1,40-50
312,58,42.64,18.4,0,30-40
317,57,44.85,18.69,0,30-40
314.5,52.5,38.06,21.6,1,40-50
315,53,37.6,22.74,1,40-50
286,51,38.22,17.03,1,30-40
297,51,40.82,18.24,1,30-40
294.5,52,36.66,20.7,1,30-40
299,52,37.64,21.39,1,30-40
303,56.5,44.14,17.5,0,30-40
307,57,42.69,17.37,0,30-40
280.5,52,38.42,17.19,1,40-50
280,51,37.72,17.16,1,40-50
278.5,49,35.5,19.74,1,30-40
280,49,34.76,19.18,1,30-40
291.5,55,36.7,21.84,1,30-40
295,54,36.48,22.24,1,30-40
289,52.5,36.74,19.15,1,30-40
282.5,52,38.01,20.48,1,20-30
285.5,52.5,37.91,21.57,1,20-30
280,52,37.08,19.53,1,30-40
283,52.5,36.13,20.76,1,30-40
273,49,35.85,18.29,1,20-30
278,52,35.56,19.46,1,20-30
290,54.5,38.39,21.28,1,40-50
301,55,36.91,21.95,1,40-50
281.5,60,40.02,21.07,1,40-50
281.5,52,35.27,18.84,1,30-40
288,53,34.7,20.39,1,30-40
325,58,42.73,19.55,0,30-40
330.5,59,45.34,19.83,0,30-40
303,54,39.57,21.58,1,20-30
311,53,39.29,22.9,1,20-30
298.5,54,37.93,21.7,1,30-40
304,52,39.62,19.88,1,20-30
309,53,39.19,20.61,1,20-30
298,52,38.42,17.07,1,30-40
303,54,38.61,18.63,1,30-40
278,54,37.54,20.85,1,30-40
284.5,55,36.58,19.87,1,30-40
297,56,39.94,18.59,1,30-40
302,57.5,39.4,20.01,1,30-40
289,50,37.51,19.39,1,40-50
295,50,37.28,20.2,1,40-50
301.5,52,36.61,20.26,1,30-40
305,53,36.94,20.48,1,30-40
329.5,60,44.23,22.31,0,20-30
297,54,36.91,18.59,1,40-50
300.5,57,38.38,22.26,1,40-50
271,46,35.67,20.15,1,40-50
277,46,34.92,19.26,1,40-50
305,57,40.07,21.94,1,40-50
307,57,39.07,20.8,1,40-50
291,55,39.08,24.51,1,<20
296,54,39.66,24.55,1,<20
273,48,35.04,20.18,1,30-40
282.5,49,36.96,20.76,1,30-40
278,52,37.59,19.54,1,40-50
261.5,44,35.11,17.63,1,40-50
265,45,35.33,19.55,1,40-50
271.5,46,33.83,19.95,1,40-50
280.5,46,34.81,16.61,1,<20
301,54.5,42.26,17.82,0,30-40
304.5,57.5,44.52,18.83,0,30-40
278,49,37.36,18.13,1,40-50
286,48,36.87,17.95,1,40-50
270,50,35.67,20.6,1,30-40
274.5,50.5,36.57,20.75,1,30-40
286,47,36.54,19.01,1,40-50
291.5,48,36.27,20.16,1,40-50
290,45,37.38,18.09,1,40-50
291.5,47,35.74,17.33,1,40-50
287.5,51.5,41.08,17.49,0,40-50
291,52,40.89,18.38,0,40-50
296,51.5,39.17,20.34,1,40-50
299.5,49,38.54,19.95,1,40-50
262,48,37.84,20.29,1,40-50
268,47,36.13,19.19,1,40-50
283.5,54,36.27,18.78,0,20-30
286,55,38.56,19.1,0,20-30
318,55,42.44,18.86,0,30-40
321,55,42.7,19.66,0,30-40
282.5,47,35.79,19.9,1,20-30
286,48,35.36,20.11,1,20-30
291,53,39.5,20.03,0,40-50
302,49,35.17,14.53,1,20-30
308.5,51.5,35.76,14.31,1,20-30
314.5,53,42.87,17.87,0,40-50
285.5,56,39.15,19.01,1,30-40
292,56,39.25,18.99,1,30-40
328,60.5,47.78,20.97,0,30-40
343,62.5,48.7,21.47,0,30-40
288,57,39.73,19.74,1,40-50
292,57,39.86,19.6,1,40-50
317,56,41.52,19.51,0,40-50
324.5,57,42.36,20.22,0,40-50
322,60,45.11,20.72,0,40-50
277,49,38.28,17.65,1,20-30
287,49,38.78,19.23,1,20-30
275,54,38.11,18.88,1,30-40
281,55,38.12,19.01,1,30-40
305,57,41.58,19.7,1,40-50
308.5,58,40.84,20.91,1,40-50
315.5,58,44.47,20.9,0,40-50
320.5,58,44.76,19.74,0,40-50
295,56,39.19,18.36,1,30-40
298,57,37.96,17.47,1,30-40
315,59,48.31,22.46,0,30-40
323,59,48.3,23.06,0,30-40
307,55,45.41,20.46,0,40-50
314,57,45.01,20.73,0,40-50
287,55.5,39.39,18.46,1,<20
290,57,39.65,18.43,1,<20
299.5,52.5,40.38,19.43,1,40-50
293,60,41.48,18.88,1,40-50
294,58,39.95,19.4,1,40-50
280,53.5,41.18,18.3,1,40-50
289,53,40.99,18.83,1,40-50
278,55,41.22,18.65,1,20-30
282.5,57,41.56,19.58,1,20-30
314,55,41.6,21.57,1,20-30
309,59,44.92,29.95,0,20-30
304,53,29.58,18.74,1,40-50
313,61.5,44.66,21.15,0,40-50
318,54,38.4,20.21,1,40-50
324.5,56.5,40.99,19.65,1,40-50
278,54,39.22,19.04,1,30-40
281,54.5,38.76,18.84,1,30-40
309,56,41.57,18.97,1,30-40
313.5,54,40.57,18.75,1,30-40
307.5,60.5,45.58,22.32,0,40-50
312,63,46.31,21.51,0,40-50
305,55,39.74,19.52,1,40-50
327.5,57,49.35,21.31,0,30-40
335,60,50.37,21.68,0,30-40
316,64,47.24,22.22,0,30-40
324,66,48.49,22.62,0,30-40
305.5,59,46.28,18.55,0,40-50
316.5,62,48.51,20.66,0,40-50
308,52.5,41.59,17.25,1,40-50
316,54,42.41,17.22,1,40-50
287,52,39.8,17.13,1,20-30
297,52,38.93,17.09,1,20-30
234,59.5,47.19,18.79,0,20-30
334,60,48.46,19.93,0,20-30
290,55,38.92,19.29,1,40-50
292,55,39.08,17.94,1,40-50
291,53,41.28,18.23,1,<20
303,49.5,40.11,19.28,1,20-30
312,49,39.21,17.95,1,20-30
313,55,39.78,17.15,1,30-40
318,56,40.95,18.71,1,30-40
357.5,63,45.45,22.42,0,20-30
363,64,47.96,23.91,0,20-30
360,68,48.23,20.61,0,30-40
368,68,49.49,23.5,0,30-40
324,64,48.73,24.19,0,30-40
353.5,64,48.37,22.61,0,30-40
358,66.5,49.25,25.13,0,30-40
292.5,55,39.04,18.77,1,40-50
325,58.5,43,20.59,1,30-40
291,58,41.42,20.21,0,40-50
295,60.5,40.9,21.42,0,40-50
334,60,49.92,20.66,0,50+
340,60,51.22,21.67,0,50+
342.5,69.5,50.18,24.73,0,40-50
347,73,51.27,27.42,0,40-50
333,68,46.16,23.97,0,30-40
341.5,67,47.87,23.48,0,30-40
347,68,49.52,22.84,0,30-40
280,56,39.54,18.15,1,20-30
287,56,39.5,17.47,1,20-30
302,59,41.56,17.95,1,40-50
306,59.5,43.01,16.96,1,40-50
358,64.5,47.83,23.82,0,30-40
360,67,50.28,25.38,0,30-40
305,58,42.53,20.09,0,30-40
287,55,39.14,19.03,1,30-40
290,55.5,37.32,17.88,1,40-50
293,52,37.86,17.85,1,40-50
340,55,45.6,23.41,0,30-40
293,53,41.53,19.85,1,20-30
296,53,38.69,19.44,1,30-40
305.5,54,42.25,21.36,1,30-40
299,60,40.36,17.9,1,30-40
319,61,42.11,19.01,1,40-50
329,61,44.63,19.58,1,40-50
300,59,39.81,18.43,1,20-30
309,59,40.39,18.26,1,20-30
304.5,61,41.33,21.79,1,30-40
309,60,41.58,21.93,1,30-40
310.5,55,42.64,16.8,1,20-30
315,56,42.61,17.29,1,20-30
324,57,41.8,18.06,1,30-40
332,59,41.4,18.23,1,30-40
302,51,41.65,17.44,1,30-40
298,54,45.76,16.33,1,30-40
296,55,42.92,19,1,40-50
297,55.5,44.06,20.25,1,40-50
309.5,55,41.68,18.47,1,20-30
313.5,55,41.72,18.79,1,20-30
293,54.5,41.27,19.59,1,30-40
298,53.5,41.1,19.64,1,30-40
332,57,42.96,21.21,1,40-50
333,59,42.15,22.95,1,40-50
304,55,41.51,18.98,1,40-50
309,54.5,40.33,19.09,1,40-50
313,58,40.41,17.92,1,30-40
316,60,42.41,20.04,1,30-40
291,53.5,40.26,17.12,1,<20
307,55,42,17.55,0,40-50
314,55,42.94,18.33,0,40-50
277,51,40.61,15.91,1,30-40
287,51.5,40.86,18.27,1,30-40
339.5,65,44.77,18.87,0,30-40
350,64.5,45.36,19.04,0,30-40
308.5,62,43.62,20.03,0,30-40
312.5,61,42.22,21.32,0,30-40
319,64,46.14,21.14,0,30-40
323.5,63,46.47,21.97,0,30-40
346,62,47.84,21.64,0,40-50
355,64,48.41,23.55,0,40-50
328,64.5,42.65,24.19,0,40-50
328,62,48.83,20.84,0,30-40
296,55,40.93,20.13,1,<20
291,52.5,38.7,19.46,1,<20
309,54,40.29,18.61,0,40-50
350,68.5,50.25,23.96,0,30-40
273,53,39.28,18.4,1,40-50
272.5,52.5,38.74,18.73,1,40-50
275,50,39.73,17.91,1,30-40
280,52,41.12,19.46,1,30-40
302,54,41.74,20.08,1,30-40
302,57,42.58,16.98,1,40-50
284.5,49.5,37.58,16.09,1,20-30
277,50,36.18,15.91,1,20-30
295.5,47.5,38,15.25,1,30-40
297.5,49,37.95,15.93,1,30-40
309,51,39.66,16.8,1,40-50
312.5,51,38.37,17.98,1,40-50
299,48,37.83,17.24,1,30-40
294.5,49.5,36.12,19.64,1,30-40
294.5,50,36.71,17.6,1,20-30
297,50,36.53,16.94,1,20-30
310,55.5,39.9,19.06,1,30-40
314,57,41.89,18.28,1,30-40
302,49,39.21,16.11,1,30-40
294.5,48,38.07,17.37,1,30-40
281.5,45.5,36.3,15.38,1,20-30
284.5,47,34.93,15.51,1,20-30
290,49,41.06,15.45,1,20-30
290,49,40.55,14.46,1,20-30
296,52.5,39.9,18.17,1,20-30
284,44,35.47,14.72,1,20-30
290.5,48,34.82,14.66,1,20-30
294.5,46,36.63,16.95,1,30-40
294,46.5,36.56,17.19,1,30-40
307,49.5,35.99,18.71,1,20-30
311.5,53,39.53,17.87,1,20-30
280,51.5,40.6,16,1,20-30
289.5,53.5,40.94,16.68,1,20-30
324,53,41.24,17.6,1,30-40
281,50.5,36.12,16.39,1,30-40
287,51,36.35,16.2,1,30-40
288,51,39.51,18.24,1,30-40
292,52,39.55,19.13,1,30-40
277,47.5,37.14,15.63,1,20-30
276,49,36.22,17.34,1,20-30
292,51,39.26,17.99,1,30-40
299.5,53,39.75,18.03,1,30-40
289,52,39.25,17.44,1,20-30
295.5,52,38.47,17.94,1,20-30
295,47,34.86,14.95,1,40-50
300,48.5,34.94,15.39,1,40-50
280,49.5,34.44,17.22,1,40-50
287,49.5,35.18,17.15,1,40-50
307,50.5,43.37,18.02,1,40-50
315.5,52,42,19.47,1,40-50
297.5,53,38.16,16.53,1,30-40
296.5,51,38.46,16.44,1,30-40
300,52,38.04,17.29,1,30-40
301.5,50,35.97,14.29,1,40-50
303.5,49.5,36.09,15.26,1,40-50
289,49,39.58,17.31,1,30-40
292,48,39.98,16.8,1,30-40
292,50,40.19,14.05,1,40-50
294,52,40.73,14.67,1,40-50
